<?xml version="1.0" encoding="UTF-8"?>
<config xmlns="http://www.knime.org/2008/09/XMLConfig" xmlns:xsi="http://www.w3.org/2001/XMLSchema-instance" xsi:schemaLocation="http://www.knime.org/2008/09/XMLConfig http://www.knime.org/XMLConfig_2008_09.xsd" key="settings.xml">
<entry key="name" type="xstring" value="SVM Learner"/>
<config key="model">
<entry key="kernel_type" type="xstring" value="RBF"/>
<config key="c_parameter_Internals">
<entry key="SettingsModelID" type="xstring" value="SMID_double"/>
<entry key="EnabledStatus" type="xboolean" value="true"/>
</config>
<entry key="c_parameter" type="xdouble" value="1.0"/>
<config key="classcol_Internals">
<entry key="SettingsModelID" type="xstring" value="SMID_string"/>
<entry key="EnabledStatus" type="xboolean" value="true"/>
</config>
<entry key="classcol" type="xstring" value="Col9"/>
<config key="kernel_param_Bias_Internals">
<entry key="SettingsModelID" type="xstring" value="SMID_double"/>
<entry key="EnabledStatus" type="xboolean" value="false"/>
</config>
<entry key="kernel_param_Bias" type="xdouble" value="1.0"/>
<config key="kernel_param_Power_Internals">
<entry key="SettingsModelID" type="xstring" value="SMID_double"/>
<entry key="EnabledStatus" type="xboolean" value="false"/>
</config>
<entry key="kernel_param_Power" type="xdouble" value="1.0"/>
<config key="kernel_param_Gamma_Internals">
<entry key="SettingsModelID" type="xstring" value="SMID_double"/>
<entry key="EnabledStatus" type="xboolean" value="false"/>
</config>
<entry key="kernel_param_Gamma" type="xdouble" value="1.0"/>
<config key="kernel_param_kappa_Internals">
<entry key="SettingsModelID" type="xstring" value="SMID_double"/>
<entry key="EnabledStatus" type="xboolean" value="false"/>
</config>
<entry key="kernel_param_kappa" type="xdouble" value="0.1"/>
<config key="kernel_param_delta_Internals">
<entry key="SettingsModelID" type="xstring" value="SMID_double"/>
<entry key="EnabledStatus" type="xboolean" value="false"/>
</config>
<entry key="kernel_param_delta" type="xdouble" value="0.5"/>
<config key="kernel_param_sigma_Internals">
<entry key="SettingsModelID" type="xstring" value="SMID_double"/>
<entry key="EnabledStatus" type="xboolean" value="true"/>
</config>
<entry key="kernel_param_sigma" type="xdouble" value="0.1"/>
</config>
<entry key="hasContent" type="xboolean" value="true"/>
<entry key="isInactive" type="xboolean" value="false"/>
<config key="ports">
<config key="port_1">
<entry key="index" type="xint" value="1"/>
<entry key="port_spec_class" type="xstring" value="org.knime.core.node.port.pmml.PMMLPortObjectSpec"/>
<entry key="port_object_class" type="xstring" value="org.knime.core.node.port.pmml.PMMLPortObject"/>
<entry key="port_object_summary" type="xstring" value="PMML document with version 4.1 and models: SupportVectorMachineModel"/>
<entry key="port_spec_location" type="xstring" value="spec/spec.zip"/>
<entry key="port_object_location" type="xstring" value="object/portobject.zip"/>
<entry key="port_dir_location" type="xstring" value="port_1"/>
</config>
</config>
<config key="filestores">
<entry key="file_store_location" type="xstring" isnull="true" value=""/>
<entry key="file_store_id" type="xstring" value="22ce7102-284b-46aa-8b53-3488f063ca7f"/>
</config>
</config>
