<?xml version="1.0" encoding="UTF-8"?>
<config xmlns="http://www.knime.org/2008/09/XMLConfig" xmlns:xsi="http://www.w3.org/2001/XMLSchema-instance" xsi:schemaLocation="http://www.knime.org/2008/09/XMLConfig http://www.knime.org/XMLConfig_2008_09.xsd" key="settings.xml">
<entry key="name" type="xstring" value="Color Manager"/>
<config key="model">
<entry key="selected_column" type="xstring" value="Cluster"/>
<entry key="is_nominal" type="xboolean" value="true"/>
<entry key="cluster_2" type="xint" value="-65536"/>
<entry key="cluster_0" type="xint" value="-8323328"/>
<entry key="cluster_1" type="xint" value="-16711681"/>
<entry key="cluster_3" type="xint" value="-8388353"/>
<config key="values">
<entry key="array-size" type="xint" value="4"/>
<config key="0">
<entry key="datacell" type="xstring" value="org.knime.core.data.def.StringCell"/>
<config key="org.knime.core.data.def.StringCell">
<entry key="StringCell" type="xstring" value="cluster_2"/>
</config>
</config>
<config key="1">
<entry key="datacell" type="xstring" value="org.knime.core.data.def.StringCell"/>
<config key="org.knime.core.data.def.StringCell">
<entry key="StringCell" type="xstring" value="cluster_0"/>
</config>
</config>
<config key="2">
<entry key="datacell" type="xstring" value="org.knime.core.data.def.StringCell"/>
<config key="org.knime.core.data.def.StringCell">
<entry key="StringCell" type="xstring" value="cluster_1"/>
</config>
</config>
<config key="3">
<entry key="datacell" type="xstring" value="org.knime.core.data.def.StringCell"/>
<config key="org.knime.core.data.def.StringCell">
<entry key="StringCell" type="xstring" value="cluster_3"/>
</config>
</config>
</config>
</config>
<entry key="hasContent" type="xboolean" value="true"/>
<entry key="isInactive" type="xboolean" value="false"/>
<config key="ports">
<config key="port_1">
<entry key="index" type="xint" value="1"/>
<entry key="port_spec_class" type="xstring" value="org.knime.core.data.DataTableSpec"/>
<entry key="port_object_class" type="xstring" value="org.knime.core.node.BufferedDataTable"/>
<entry key="port_object_summary" type="xstring" value="Rows: 1299, Cols: 13"/>
<entry key="port_dir_location" type="xstring" value="port_1"/>
</config>
<config key="port_2">
<entry key="index" type="xint" value="2"/>
<entry key="port_spec_class" type="xstring" value="org.knime.core.data.DataTableSpec"/>
<entry key="port_object_class" type="xstring" value="org.knime.core.node.port.viewproperty.ColorHandlerPortObject"/>
<entry key="port_object_summary" type="xstring" value="Coloring on &quot;Cluster&quot;"/>
<entry key="port_spec_location" type="xstring" value="spec/spec.zip"/>
<entry key="port_object_location" type="xstring" value="object/portobject.zip"/>
<entry key="port_dir_location" type="xstring" value="port_2"/>
</config>
</config>
<config key="filestores">
<entry key="file_store_location" type="xstring" isnull="true" value=""/>
<entry key="file_store_id" type="xstring" value="aed3cc77-f322-4eec-ab92-65800cc9c1b5"/>
</config>
</config>
