<?xml version="1.0" encoding="UTF-8"?>
<config xmlns="http://www.knime.org/2008/09/XMLConfig" xmlns:xsi="http://www.w3.org/2001/XMLSchema-instance" xsi:schemaLocation="http://www.knime.org/2008/09/XMLConfig http://www.knime.org/XMLConfig_2008_09.xsd" key="settings.xml">
<entry key="name" type="xstring" value="Linear Regression (Learner)"/>
<config key="model">
<config key="included_columns">
<entry key="array-size" type="xint" value="9"/>
<entry key="0" type="xstring" value="Col0"/>
<entry key="1" type="xstring" value="Col1"/>
<entry key="2" type="xstring" value="Col2"/>
<entry key="3" type="xstring" value="Col3"/>
<entry key="4" type="xstring" value="Col4"/>
<entry key="5" type="xstring" value="Col5"/>
<entry key="6" type="xstring" value="Col6"/>
<entry key="7" type="xstring" value="Col7"/>
<entry key="8" type="xstring" value="Col8"/>
</config>
<entry key="target" type="xstring" value="Col9"/>
<entry key="calc_error" type="xboolean" value="true"/>
<entry key="FromRow" type="xint" value="1"/>
<entry key="RowCount" type="xint" value="10000"/>
</config>
<entry key="hasContent" type="xboolean" value="true"/>
<entry key="isInactive" type="xboolean" value="false"/>
<config key="ports">
<config key="port_1">
<entry key="index" type="xint" value="1"/>
<entry key="port_spec_class" type="xstring" value="org.knime.core.node.port.pmml.PMMLPortObjectSpec"/>
<entry key="port_object_class" type="xstring" value="org.knime.core.node.port.pmml.PMMLPortObject"/>
<entry key="port_object_summary" type="xstring" value="PMML document with version 4.1 and models: RegressionModel"/>
<entry key="port_spec_location" type="xstring" value="spec/spec.zip"/>
<entry key="port_object_location" type="xstring" value="object/portobject.zip"/>
<entry key="port_dir_location" type="xstring" value="port_1"/>
</config>
</config>
<config key="filestores">
<entry key="file_store_location" type="xstring" isnull="true" value=""/>
<entry key="file_store_id" type="xstring" value="c2f51d11-8aab-47bd-93f0-7d668d6bf94a"/>
</config>
</config>
