<?xml version="1.0" encoding="UTF-8"?>
<config xmlns="http://www.knime.org/2008/09/XMLConfig" xmlns:xsi="http://www.w3.org/2001/XMLSchema-instance" xsi:schemaLocation="http://www.knime.org/2008/09/XMLConfig http://www.knime.org/XMLConfig_2008_09.xsd" key="settings.xml">
<entry key="name" type="xstring" value="Column Filter"/>
<config key="model">
<config key="column-filter">
<entry key="filter-type" type="xstring" value="STANDARD"/>
<config key="included_names">
<entry key="array-size" type="xint" value="9"/>
<entry key="0" type="xstring" value="Col1"/>
<entry key="1" type="xstring" value="Col2"/>
<entry key="2" type="xstring" value="Col3"/>
<entry key="3" type="xstring" value="Col4"/>
<entry key="4" type="xstring" value="Col5"/>
<entry key="5" type="xstring" value="Col6"/>
<entry key="6" type="xstring" value="Col7"/>
<entry key="7" type="xstring" value="Col8"/>
<entry key="8" type="xstring" value="Col9"/>
</config>
<config key="excluded_names">
<entry key="array-size" type="xint" value="1"/>
<entry key="0" type="xstring" value="Col0"/>
</config>
<entry key="enforce_option" type="xstring" value="EnforceExclusion"/>
</config>
</config>
<entry key="hasContent" type="xboolean" value="true"/>
<entry key="isInactive" type="xboolean" value="false"/>
<config key="ports">
<config key="port_1">
<entry key="index" type="xint" value="1"/>
<entry key="port_spec_class" type="xstring" value="org.knime.core.data.DataTableSpec"/>
<entry key="port_object_class" type="xstring" value="org.knime.core.node.BufferedDataTable"/>
<entry key="port_object_summary" type="xstring" value="Rows: 2000, Cols: 3"/>
<entry key="port_dir_location" type="xstring" value="port_1"/>
</config>
</config>
<config key="filestores">
<entry key="file_store_location" type="xstring" isnull="true" value=""/>
<entry key="file_store_id" type="xstring" value="acf2c007-d1f9-4954-88a1-fc596734fa22"/>
</config>
</config>
