<?xml version="1.0" encoding="UTF-8"?>
<config xmlns="http://www.knime.org/2008/09/XMLConfig" xmlns:xsi="http://www.w3.org/2001/XMLSchema-instance" xsi:schemaLocation="http://www.knime.org/2008/09/XMLConfig http://www.knime.org/XMLConfig_2008_09.xsd" key="settings.xml">
<entry key="name" type="xstring" value="Crosstab"/>
<config key="model">
<entry key="rowVariableColumn" type="xstring" value="Col9"/>
<entry key="columnVariableColumn" type="xstring" value="SVM Prediction"/>
<entry key="weightColumn" type="xstring" isnull="true" value=""/>
<entry key="namingVersion" type="xstring" value="1.0"/>
<entry key="enableHiliting" type="xboolean" value="false"/>
</config>
<entry key="hasContent" type="xboolean" value="true"/>
<entry key="isInactive" type="xboolean" value="false"/>
<config key="ports">
<config key="port_1">
<entry key="index" type="xint" value="1"/>
<entry key="port_spec_class" type="xstring" value="org.knime.core.data.DataTableSpec"/>
<entry key="port_object_class" type="xstring" value="org.knime.core.node.BufferedDataTable"/>
<entry key="port_object_summary" type="xstring" value="Rows: 11, Cols: 12"/>
<entry key="port_dir_location" type="xstring" value="port_1"/>
</config>
<config key="port_2">
<entry key="index" type="xint" value="2"/>
<entry key="port_spec_class" type="xstring" value="org.knime.core.data.DataTableSpec"/>
<entry key="port_object_class" type="xstring" value="org.knime.core.node.BufferedDataTable"/>
<entry key="port_object_summary" type="xstring" value="Rows: 1, Cols: 4"/>
<entry key="port_dir_location" type="xstring" value="port_2"/>
</config>
</config>
<config key="internalTables">
<entry key="location" type="xstring" value="internalTables"/>
<config key="content">
<config key="table_0">
<entry key="index" type="xint" value="0"/>
<entry key="table_dir_location" type="xstring" value="table_0"/>
</config>
<config key="table_1">
<entry key="index" type="xint" value="1"/>
<entry key="table_dir_location" type="xstring" value="table_1"/>
</config>
</config>
</config>
<config key="filestores">
<entry key="file_store_location" type="xstring" isnull="true" value=""/>
<entry key="file_store_id" type="xstring" value="a439dbd0-eb47-4e30-bc56-714b64637ca6"/>
</config>
</config>
