<?xml version="1.0" encoding="UTF-8"?>
<config xmlns="http://www.knime.org/2008/09/XMLConfig" xmlns:xsi="http://www.w3.org/2001/XMLSchema-instance" xsi:schemaLocation="http://www.knime.org/2008/09/XMLConfig http://www.knime.org/XMLConfig_2008_09.xsd" key="settings.xml">
<entry key="name" type="xstring" value="PCA"/>
<config key="model">
<config key="input_columns_Internals">
<entry key="SettingsModelID" type="xstring" value="SMID_filterString"/>
<entry key="EnabledStatus" type="xboolean" value="true"/>
</config>
<config key="input_columns">
<config key="InclList">
<entry key="array-size" type="xint" value="8"/>
<entry key="0" type="xstring" value="Col1"/>
<entry key="1" type="xstring" value="Col2"/>
<entry key="2" type="xstring" value="Col3"/>
<entry key="3" type="xstring" value="Col4"/>
<entry key="4" type="xstring" value="Col5"/>
<entry key="5" type="xstring" value="Col6"/>
<entry key="6" type="xstring" value="Col7"/>
<entry key="7" type="xstring" value="Col8"/>
</config>
<config key="ExclList">
<entry key="array-size" type="xint" value="0"/>
</config>
<entry key="keep_all_columns_selected" type="xboolean" value="false"/>
</config>
<config key="removeColumns_Internals">
<entry key="SettingsModelID" type="xstring" value="SMID_boolean"/>
<entry key="EnabledStatus" type="xboolean" value="true"/>
</config>
<entry key="removeColumns" type="xboolean" value="false"/>
<config key="failMissing_Internals">
<entry key="SettingsModelID" type="xstring" value="SMID_boolean"/>
<entry key="EnabledStatus" type="xboolean" value="true"/>
</config>
<entry key="failMissing" type="xboolean" value="false"/>
<config key="output_dimensions_selected_Internals">
<entry key="SettingsModelID" type="xstring" value="SettingsModelChoiceIntDouble.modelTypeID"/>
<entry key="EnabledStatus" type="xboolean" value="true"/>
</config>
<config key="output_dimensions_selected">
<entry key="choice" type="xboolean" value="true"/>
<entry key="doubleVal" type="xdouble" value="100.0"/>
<entry key="intVal" type="xint" value="2"/>
<config key="eigenvalues"/>
</config>
</config>
<entry key="hasContent" type="xboolean" value="true"/>
<entry key="isInactive" type="xboolean" value="false"/>
<config key="ports">
<config key="port_1">
<entry key="index" type="xint" value="1"/>
<entry key="port_spec_class" type="xstring" value="org.knime.core.data.DataTableSpec"/>
<entry key="port_object_class" type="xstring" value="org.knime.core.node.BufferedDataTable"/>
<entry key="port_object_summary" type="xstring" value="Rows: 1299, Cols: 12"/>
<entry key="port_dir_location" type="xstring" value="port_1"/>
</config>
</config>
<config key="filestores">
<entry key="file_store_location" type="xstring" isnull="true" value=""/>
<entry key="file_store_id" type="xstring" value="9b29d741-6f09-4ffa-8a70-4c0bb5f4b22e"/>
</config>
</config>
