<?xml version="1.0" encoding="UTF-8"?>
<config xmlns="http://www.knime.org/2008/09/XMLConfig" xmlns:xsi="http://www.w3.org/2001/XMLSchema-instance" xsi:schemaLocation="http://www.knime.org/2008/09/XMLConfig http://www.knime.org/XMLConfig_2008_09.xsd" key="settings.xml">
<entry key="name" type="xstring" value="Row Filter"/>
<config key="model">
<config key="rowFilter">
<entry key="RowFilter_TypeID" type="xstring" value="StringComp_RowFilter"/>
<entry key="ColumnName" type="xstring" value="Col9"/>
<entry key="include" type="xboolean" value="true"/>
<entry key="CaseSensitive" type="xboolean" value="false"/>
<entry key="Pattern" type="xstring" value="NUC|MIT|CYT|ME3"/>
<entry key="hasWildCards" type="xboolean" value="false"/>
<entry key="isRegExpr" type="xboolean" value="true"/>
</config>
</config>
<entry key="hasContent" type="xboolean" value="true"/>
<entry key="isInactive" type="xboolean" value="false"/>
<config key="ports">
<config key="port_1">
<entry key="index" type="xint" value="1"/>
<entry key="port_spec_class" type="xstring" value="org.knime.core.data.DataTableSpec"/>
<entry key="port_object_class" type="xstring" value="org.knime.core.node.BufferedDataTable"/>
<entry key="port_object_summary" type="xstring" value="Rows: 1299, Cols: 10"/>
<entry key="port_dir_location" type="xstring" value="port_1"/>
</config>
</config>
<config key="filestores">
<entry key="file_store_location" type="xstring" isnull="true" value=""/>
<entry key="file_store_id" type="xstring" value="a203d2a2-d6a6-46b4-bb2b-be6cc4802def"/>
</config>
</config>
