<?xml version="1.0" encoding="UTF-8"?>
<config xmlns="http://www.knime.org/2008/09/XMLConfig" xmlns:xsi="http://www.w3.org/2001/XMLSchema-instance" xsi:schemaLocation="http://www.knime.org/2008/09/XMLConfig http://www.knime.org/XMLConfig_2008_09.xsd" key="settings.xml">
<entry key="name" type="xstring" value="Histogram (interactive)"/>
<config key="model">
<config key="allRows_Internals">
<entry key="SettingsModelID" type="xstring" value="SMID_boolean"/>
<entry key="EnabledStatus" type="xboolean" value="true"/>
</config>
<entry key="allRows" type="xboolean" value="false"/>
<config key="noOfRows_Internals">
<entry key="SettingsModelID" type="xstring" value="SMID_integer"/>
<entry key="EnabledStatus" type="xboolean" value="true"/>
</config>
<entry key="noOfRows" type="xint" value="2500"/>
<config key="HistogramXColName_Internals">
<entry key="SettingsModelID" type="xstring" value="SMID_string"/>
<entry key="EnabledStatus" type="xboolean" value="true"/>
</config>
<entry key="HistogramXColName" type="xstring" value="Col1"/>
<config key="aggrColumn_Internals">
<entry key="SettingsModelID" type="xstring" value="SMID_colorColumns"/>
<entry key="EnabledStatus" type="xboolean" value="true"/>
</config>
<config key="aggrColumn">
<config key="colorColumnNames">
<entry key="array-size" type="xint" value="1"/>
<entry key="0" type="xstring" value="Col2"/>
</config>
<entry key="Col2" type="xint" value="-4144960"/>
</config>
</config>
<entry key="hasContent" type="xboolean" value="true"/>
<entry key="isInactive" type="xboolean" value="false"/>
<config key="ports"/>
<config key="filestores">
<entry key="file_store_location" type="xstring" isnull="true" value=""/>
<entry key="file_store_id" type="xstring" value="a1dfe7e4-2c57-44f6-b105-7a8f4da61c54"/>
</config>
</config>
